network,description
bu,"The instruments used to obtain the data are:
<ul>
<li>Wave height, period, and direction sensor - NAVTRON NavMon11</li>
<li>Vertical current profile sensor - NORTEK AquaDopp Profiler 1MHz</li>
<li>Turbidity sensor - VALEPORT Hyperion Turbidity (with Zebra-Tech wiper)</li>
<li>Water temperature sensor - NAVTRON NavMon11</li>
<li>Wind speed and direction sensor - GILL INSTRUMENTS WindSonic M</li>
</ul>
The buoy also includes auxiliary equipment such as batteries, solar panels, navigation signal lamp, RADAR reflector, AToN AIS, and antennas."
ec,"Installing five eddy covariance stations in the LTSER areas is of utmost importance as it enables direct measurements of ecosystem-scale fluxes of carbon dioxide, water vapor, and other greenhouse gases. <br>These stations provide critical insights into the net exchange of gases between the terrestrial ecosystem and the atmosphere, allowing scientists to quantify carbon sequestration rates, assess ecosystem productivity, and understand the impacts of climate change on ecosystem functioning. <br>The data obtained from these stations greatly enhance our understanding of the carbon cycle and contribute to informed decision-making for effective climate change mitigation and adaptation strategies in the LTSER areas."
ws,"Measuring weather parameters in a Long-Term Socio-Ecological Research (LTSER) area is crucial for understanding the complex interactions between the environment and human systems over extended periods. <br> These measurements will provide invaluable data for assessing climate change impacts, ecosystem dynamics, and informing sustainable land management strategies, aiding in the development of evidence-based policies and practices.<br>The deployment of 20 weather stations in the LTSER area will greatly enhance the accuracy and spatial resolution of weather data collection. <br>This comprehensive network of stations will enable researchers to capture localized weather patterns, identify microclimatic variations, and assess the influence of topography on weather conditions, leading to a more holistic understanding of the area's ecological processes and facilitating targeted conservation and management efforts."
